{"storymap": {"attribution": "", "call_to_action": true, "call_to_action_text": "Explorar", "language": "es", "map_as_image": true, "map_subdomains": "", "map_type": "zoomify", "slides": [{"date": "", "location": {"line": true}, "media": {"caption": "", "credit": "", "url": ""}, "text": {"headline": "", "text": ""}, "type": "overview"}, {"date": "", "location": {"icon": "//uploads.knightlab.com/storymapjs/33323515922808f1af738dcd003c5f16/buque/_images/pines-01.png", "iconSize": [42.403587443946186, 48], "lat": 76.47458133699867, "line": true, "lon": -104.76053148508072, "use_custom_marker": true, "zoom": 4}, "media": {"caption": "", "credit": "", "url": "//uploads.knightlab.com/storymapjs/33323515922808f1af738dcd003c5f16/buque/_images/ezgif.com-gif-maker (3).gif"}, "text": {"headline": "1 Cubierta de Vuelo:", "text": "<span>Permite el despeje y aterrizaje de helic\u00f3pteros de hasta 8.6 toneladas esta tiene fines de transporte de personal carga o abastecimiento de combustible.&nbsp;</span>"}}, {"date": "", "location": {"icon": "//uploads.knightlab.com/storymapjs/33323515922808f1af738dcd003c5f16/buque/_images/pines-02.png", "iconSize": [42.403587443946186, 48], "lat": 73.57816726137321, "line": true, "lon": -80.33203125, "use_custom_marker": true, "zoom": 4}, "media": {"caption": "", "credit": "", "url": "//uploads.knightlab.com/storymapjs/33323515922808f1af738dcd003c5f16/buque/_images/DSC09762.jpg"}, "text": {"headline": "2 Puente de Gobierno:", "text": "<span>Desde aqu\u00ed se tiene el control de todo el buque. Este compartimiento permite una visual de 360\u00b0 y cuenta con todos los instrumentos para la navegaci\u00f3n, desde all\u00ed el comandante dirige cada una de las maniobras de la embarcaci\u00f3n.&nbsp; </span><br>"}}, {"date": "", "location": {"icon": "//uploads.knightlab.com/storymapjs/33323515922808f1af738dcd003c5f16/buque/_images/pines-03.png", "iconSize": [42.403587443946186, 48], "lat": 70.93100353239014, "line": true, "lon": -61.25976562499999, "use_custom_marker": true, "zoom": 4}, "media": {"caption": "", "credit": "", "url": "//uploads.knightlab.com/storymapjs/33323515922808f1af738dcd003c5f16/buque/_images/DSC02354.jpg"}, "text": {"headline": "3 Control Posicionamiento Din\u00e1mico:", "text": "<span><p>El ARC Caribe cuenta con un sistema de posicionamiento din\u00e1mico conocido como DP (por su siglas en ingl\u00e9s dynamic position) , este permite mantener posici\u00f3n de alta precisi\u00f3n en el mar, durante el despliegue y operaci\u00f3n del ROV.&nbsp;</p></span>"}}, {"date": "", "location": {"icon": "//uploads.knightlab.com/storymapjs/33323515922808f1af738dcd003c5f16/buque/_images/pines-04.png", "iconSize": [42.403587443946186, 48], "lat": 67.30597574414466, "line": true, "lon": -68.5546875, "use_custom_marker": true, "zoom": 4}, "media": {"caption": "", "credit": "", "url": "//uploads.knightlab.com/storymapjs/33323515922808f1af738dcd003c5f16/buque/_images/DSC06375.jpg"}, "text": {"headline": "4 Camarotes de Tripulaci\u00f3n:", "text": "<span><p>El ARC Caribe cuenta con camarotes destinados a la tripulaci\u00f3n y los investigadores en total tiene una capacidad de m\u00e1s de 40 tripulantes y 20 investigadores.</p></span>"}}, {"date": "", "location": {"icon": "//uploads.knightlab.com/storymapjs/33323515922808f1af738dcd003c5f16/buque/_images/pines-05.png", "iconSize": [42.403587443946186, 48], "lat": 57.468589192089354, "line": true, "lon": -66.26953125, "use_custom_marker": true, "zoom": 4}, "media": {"caption": "", "credit": "", "url": "//uploads.knightlab.com/storymapjs/33323515922808f1af738dcd003c5f16/buque/_images/ezgif.com-gif-maker (5).gif"}, "text": {"headline": "5 Sistema Lars:", "text": "<span><p>Permite el despliegue y repliegue del ROV a trav\u00e9s de un sistema de gr\u00faa en A, el cable que sostiene el ROV es controlado por un winche de 8 a 10 toneladas de capacidad.</p></span>"}}, {"date": "", "location": {"icon": "//uploads.knightlab.com/storymapjs/33323515922808f1af738dcd003c5f16/buque/_images/pines-06.png", "iconSize": [42.403587443946186, 48], "lat": 59.5343180010956, "line": true, "lon": -38.408203125, "use_custom_marker": true, "zoom": 4}, "media": {"caption": "", "credit": "", "url": "//uploads.knightlab.com/storymapjs/33323515922808f1af738dcd003c5f16/buque/_images/DSC01992.jpg"}, "text": {"headline": "6 Centro de Mando ROV:", "text": "<span><p>Desde all\u00ed se maniobra el ROV y se tiene visual y control de cada uno de los sensores del sistema.&nbsp;</p></span>"}}, {"date": "", "location": {"icon": "//uploads.knightlab.com/storymapjs/33323515922808f1af738dcd003c5f16/buque/_images/pines-07.png", "iconSize": [42.403587443946186, 48], "lat": 58.90464570302001, "line": true, "lon": -76.201171875, "use_custom_marker": true, "zoom": 4}, "media": {"caption": "", "credit": "", "url": "//uploads.knightlab.com/storymapjs/33323515922808f1af738dcd003c5f16/buque/_images/DSC02990.jpg"}, "text": {"headline": "7 Valsas Salvavidas:", "text": "<span><p>El Buque ARC Caribe Cuenta con 8 valsas salvavidas capaces de albergar a 25 personas cada una, que se despliegan al contacto con el agua. Las valsas&nbsp;est\u00e1s est\u00e1n ubicadas en ambos costados del buque, estos permiten el albergue de todos los tripulantes e investigadores que est\u00e9n a bordo y cuentan con provisiones y equipos de emergencia en su interior. .&nbsp;</p></span>"}}, {"date": "", "location": {"icon": "//uploads.knightlab.com/storymapjs/33323515922808f1af738dcd003c5f16/buque/_images/pines-08.png", "iconSize": [42.403587443946186, 48], "lat": 43.32517767999296, "line": true, "lon": -75.322265625, "use_custom_marker": true, "zoom": 4}, "media": {"caption": "", "credit": "", "url": "//uploads.knightlab.com/storymapjs/33323515922808f1af738dcd003c5f16/buque/_images/DSC02028.jpg"}, "text": {"headline": "8 ROV Lynx entrando al agua:", "text": "<span><p>ROV ingresa al agua para una nueva inmersi\u00f3n.&nbsp;</p></span>"}}, {"date": "", "location": {"icon": "//uploads.knightlab.com/storymapjs/33323515922808f1af738dcd003c5f16/buque/_images/pines-09.png", "iconSize": [42.403587443946186, 48], "lat": 52.64306343665892, "line": true, "lon": -18.017578125, "use_custom_marker": true, "zoom": 4}, "media": {"caption": "", "credit": "", "url": "//uploads.knightlab.com/storymapjs/33323515922808f1af738dcd003c5f16/buque/_images/IMG_2860.jpg"}, "text": {"headline": "9 Comando y control de levantamiento:", "text": "<span><p>Desde all\u00ed se maniobra, ordenan las maniobras que realiza el ROV, se lleva la navegaci\u00f3n y se trazan los rumbos que debe realizar el Robot en el agua.&nbsp;</p></span>"}}], "zoomify": {"attribution": "", "height": 2110, "path": "https://dimar.sosadiazeventos.com/buque/", "width": 3089}}, "width": "200%"}